Area,Subpractica_,Con qué cubres esta subpráctica,Descripción,Campanario,Monarca,Nefrovida,Departamental,¿La tenemos?
RM,1.1,"https://www.notion.so/acadd69f0052485a846ecf4780813286 
https://www.notion.so/e1273403effb4d078bdde9d828ebbe13 ",Obtener y entender los requisitos,"https://docs.google.com/document/d/1RFcT0yIR5aycQgBkCpL6uwCcv3u2jGF8HzzqIVIu_70/edit
https://docs.google.com/spreadsheets/d/11b8R4eX2zTpGUFKEB9DdAY1GEvhSiYRjEp2GKOfoY9A/edit?usp=drive_web&ouid=110383669990481500057
https://docs.google.com/spreadsheets/d/1GVr1YLZwKTiE-zdUhtN19vfXt3iYtX96chIZ6eZrspY/edit?usp=drive_web&ouid=110383669990481500057
https://www.notion.so/f26c404232d041059bb70ad943b1cd6a ","https://docs.google.com/document/d/1HQuSYqwVtNIdWTU2tgjJ3QOw-vByQjpR/edit?usp=sharing&ouid=107293555314282144034&rtpof=true&sd=true
https://docs.google.com/spreadsheets/d/1YnYJleRABW8lhHR7r_mIi46yFs9vieahdQp9kwj3HgE/edit?usp=sharing
https://docs.google.com/spreadsheets/d/1gXcvx568BftBr6yiyN0Z4cd5XehfMIp5wo_ZPrxNfXM/edit?usp=sharing","https://docs.google.com/document/d/1SyZQ-9SRF8BbFCrUoIKf_mXEslFWillPHKy5Azafo3Q/edit?usp=sharing
https://docs.google.com/document/d/1AjXaQsXhOOvYaxDNU9vdZ2g6kdl9C6oI/edit?usp=sharing&ouid=104650025455859779660&rtpof=true&sd=true
https://docs.google.com/spreadsheets/d/1jzgaVgh7YrdKTzVgLVYLMcu1L0sUGlpLFHAao-nMNNw/edit?usp=sharing",No aplica,Yes
RM,1.2,"https://www.notion.so/acadd69f0052485a846ecf4780813286:
Estimación de Requisitos 
Lista de Aprobación de Requisitos
https://www.notion.so/8279a54bc4344b85bb72894e4f178406 
https://www.notion.so/9e356c5b62be47cb8cb563696a8e04da (compromisos)
","Filtrar, verificar y comprometerse con los requisitos","https://docs.google.com/spreadsheets/d/1GVr1YLZwKTiE-zdUhtN19vfXt3iYtX96chIZ6eZrspY/edit#gid=971005312
https://docs.google.com/document/d/1RFcT0yIR5aycQgBkCpL6uwCcv3u2jGF8HzzqIVIu_70/edit","https://docs.google.com/spreadsheets/d/1gXcvx568BftBr6yiyN0Z4cd5XehfMIp5wo_ZPrxNfXM/edit?usp=sharing
https://docs.google.com/document/d/1HQuSYqwVtNIdWTU2tgjJ3QOw-vByQjpR/edit?usp=sharing&ouid=107293555314282144034&rtpof=true&sd=true","https://docs.google.com/spreadsheets/d/1jzgaVgh7YrdKTzVgLVYLMcu1L0sUGlpLFHAao-nMNNw/edit?usp=sharing
https://docs.google.com/presentation/d/1d2O6vqi2FH4SJMVctgU3CqPeP9tjUFDp/edit?usp=sharing&ouid=104650025455859779660&rtpof=true&sd=true (Compromisos)",https://www.figma.com/file/N3XHhUKE7geYW39GpCgSQn/Retrospective-05.04.2022?node-id=0%3A1 (Compromisos),No
RM,1.3,"https://www.notion.so/acadd69f0052485a846ecf4780813286 
https://www.notion.so/0becb449a14d4804881a6e09f2217530 
https://docs.google.com/document/d/1qw_D6F298AiMbfRJBqwyjUfXwu2Kgvxa/edit?usp=sharing&ouid=100210633990806812310&rtpof=true&sd=true",Administrar los cambios de los requisitos,"https://drive.google.com/drive/folders/1oyvwUJHFs6SyqTvsNJaghUjC1c8ZNMEx?usp=sharing
https://www.notion.so/ce96fc4e7ca44e7581e91e365a6d12ba","https://drive.google.com/drive/folders/1oyvwUJHFs6SyqTvsNJaghUjC1c8ZNMEx?usp=sharing
https://www.notion.so/ce96fc4e7ca44e7581e91e365a6d12ba","https://drive.google.com/drive/folders/1oyvwUJHFs6SyqTvsNJaghUjC1c8ZNMEx?usp=sharing
https://www.notion.so/ce96fc4e7ca44e7581e91e365a6d12ba",No aplica,No
RM,1.4,"https://www.notion.so/2f9e5ea8a2e0481b94d29655848cc01c 
https://www.notion.so/a447a0788f87415abd4469638bc678fe ",Trazar cómo se están desarrollando los requisitos en el proyecto,https://docs.google.com/spreadsheets/d/11b8R4eX2zTpGUFKEB9DdAY1GEvhSiYRjEp2GKOfoY9A/edit#gid=262762532,,https://docs.google.com/spreadsheets/d/15joWXNI4EA9Yy9C-vT1BVZVrxoVJNX1qjkBx73TFo5E/edit?usp=sharing,No aplica,No
RM,1.5,"https://www.notion.so/38496412c5c84378b582eb61bfc071ff 
https://www.notion.so/9e356c5b62be47cb8cb563696a8e04da (Inconsistencias)
https://www.notion.so/94653bc268bc4025b1e9aaff84b6175d ",Identificar y manejar inconsistencias de los requisitos comparado con lo que de verdad se está desarrollando,https://www.figma.com/file/lPbWQG0M3SKtnJh2IjaDun/Plantilla-retrospective-(Copy)-(Copy)?node-id=1028%3A85,https://www.figma.com/file/7De6iPBUQ4uwoUE1KyoGYz/Retrospective-Plantilla-IT5-27.04.22,https://docs.google.com/presentation/d/1d2O6vqi2FH4SJMVctgU3CqPeP9tjUFDp/edit?usp=sharing&ouid=104650025455859779660&rtpof=true&sd=true,https://www.figma.com/file/N3XHhUKE7geYW39GpCgSQn/Retrospective-05.04.2022?node-id=0%3A1,No
PPQA,1.1,"https://www.notion.so/386d7b5b7b17435eb70e22f8f6ee7f08
https://www.notion.so/d6711de344ae486cb1ffc68037d9ae81 
https://www.notion.so/7a65020e32ec498ea1cacd93fb90af4d  
https://www.notion.so/aef96cc564e3403aa1838a15cc89d34c ",Evaluar de forma objetiva los procesos,"
https://www.notion.so/aef96cc564e3403aa1838a15cc89d34c ","
https://www.notion.so/aef96cc564e3403aa1838a15cc89d34c ","
https://www.notion.so/aef96cc564e3403aa1838a15cc89d34c ","https://www.notion.so/386d7b5b7b17435eb70e22f8f6ee7f08
https://www.notion.so/d6711de344ae486cb1ffc68037d9ae81 
https://www.notion.so/7a65020e32ec498ea1cacd93fb90af4d  
https://www.notion.so/aef96cc564e3403aa1838a15cc89d34c ",No
PPQA,1.2,"https://www.notion.so/f78724bec45744b3b5627fda80160521 
https://www.notion.so/2cd4f8d60fe544a59d03e3129c4bf376 
https://www.notion.so/d6711de344ae486cb1ffc68037d9ae81 
https://www.notion.so/7a65020e32ec498ea1cacd93fb90af4d 
https://www.notion.so/aef96cc564e3403aa1838a15cc89d34c 
https://www.notion.so/efd48692d4914dc4aa7edf51e846a563 ",Evaluar de forma objetiva los productos de trabajo,"
https://www.notion.so/aef96cc564e3403aa1838a15cc89d34c 
https://docs.google.com/spreadsheets/d/1vIIzMEt9ap_jYhDrfWm3puXO8ra1OcWhwY6mvkz16TQ/edit?usp=sharing
https://www.notion.so/f78724bec45744b3b5627fda80160521 (en proceso de migración)
https://docs.google.com/document/d/1WKK9wVZU9mcl7WOs1dmEefXM2oIavYNnW7fX9FNM2hs/edit?usp=sharing","
https://www.notion.so/aef96cc564e3403aa1838a15cc89d34c 
https://www.notion.so/f78724bec45744b3b5627fda80160521 
https://www.notion.so/c225667861cd47fc8dacadcd0bbbc73d ","
https://www.notion.so/aef96cc564e3403aa1838a15cc89d34c 
https://docs.google.com/spreadsheets/d/13Eu4ErCpe7Rgm9Hf0MWEOi_RyZ1DWaOpXUE3O14IkRw/edit?usp=sharingefect log
https://docs.google.com/document/d/1WKK9wVZU9mcl7WOs1dmEefXM2oIavYNnW7fX9FNM2hs/edit?usp=sharing","https://www.notion.so/efd48692d4914dc4aa7edf51e846a563 
https://www.notion.so/f78724bec45744b3b5627fda80160521 (en proceso de migración)
https://www.notion.so/2cd4f8d60fe544a59d03e3129c4bf376 
https://www.notion.so/d6711de344ae486cb1ffc68037d9ae81 
https://www.notion.so/7a65020e32ec498ea1cacd93fb90af4d 
https://www.notion.so/aef96cc564e3403aa1838a15cc89d34c ",No
PPQA,2.1,"https://www.notion.so/aef96cc564e3403aa1838a15cc89d34c (informe de acciones correctivas)
https://www.notion.so/efd48692d4914dc4aa7edf51e846a563 
https://www.notion.so/d23f5e7debf140a29d99ee6abfe46ca6 
",Comunicar los problemas de calidad y asegurar su resolución,"
https://www.notion.so/aef96cc564e3403aa1838a15cc89d34c 
https://docs.google.com/spreadsheets/d/1vIIzMEt9ap_jYhDrfWm3puXO8ra1OcWhwY6mvkz16TQ/edit?usp=sharing","
https://www.notion.so/aef96cc564e3403aa1838a15cc89d34c 
https://docs.google.com/spreadsheets/d/15YHiVgXG_d_j7QuYgw93j3NC-uox56b5/edit?usp=sharing&ouid=100210633990806812310&rtpof=true&sd=trueoja de defectLog (gráficas de calidad)","
https://www.notion.so/aef96cc564e3403aa1838a15cc89d34c 
https://docs.google.com/spreadsheets/d/13Eu4ErCpe7Rgm9Hf0MWEOi_RyZ1DWaOpXUE3O14IkRw/edit#gid=1039699288","https://www.notion.so/aef96cc564e3403aa1838a15cc89d34c (informe de acciones correctivas)
https://www.notion.so/efd48692d4914dc4aa7edf51e846a563 
https://www.notion.so/d23f5e7debf140a29d99ee6abfe46ca6 
",No
PPQA,2.2,"https://www.notion.so/aef96cc564e3403aa1838a15cc89d34c 
Registros de evaluación.
2. Informes de aseguramiento de la calidad.
https://www.notion.so/d23f5e7debf140a29d99ee6abfe46ca6
4. Informes de las tendencias de calidad",Establecer y mantener registros de las actividades de aseguramiento de la calidad,"
https://www.notion.so/aef96cc564e3403aa1838a15cc89d34c 
https://docs.google.com/spreadsheets/d/1vIIzMEt9ap_jYhDrfWm3puXO8ra1OcWhwY6mvkz16TQ/edit?usp=sharing","
https://www.notion.so/aef96cc564e3403aa1838a15cc89d34c ","
https://www.notion.so/aef96cc564e3403aa1838a15cc89d34c ","https://www.notion.so/aef96cc564e3403aa1838a15cc89d34c 
",No
PP,1.1,"https://www.notion.so/a447a0788f87415abd4469638bc678fe 
https://www.notion.so/d2b272431a224c0fb05d517d92716d73 ","Definir el WBS del proyecto para poder identificar su alcance ",https://docs.google.com/presentation/d/1yzopUplenDtFaH2u9CesESM-253C8nXG/edit?usp=sharing&ouid=100210633990806812310&rtpof=true&sd=true,"https://docs.google.com/presentation/d/184T2fyVqAaaqeI85jSmn6tjHJOC8Xcs9/edit#slide=id.p1 ",https://docs.google.com/presentation/d/1a05-XeKyb4a13eDhueanM42BOjL7uxZQ/edit?usp=sharing&ouid=105928939339299755939&rtpof=true&sd=true,No aplica,Yes
PP,1.2,"https://www.notion.so/52dfc22ac0cc4568a9b28eba9728d95b 
https://www.notion.so/918a56f9fd09449883b03d940da4b7bf 
https://www.notion.so/f26c404232d041059bb70ad943b1cd6a 
https://www.notion.so/62920339ed1d44c688ea4704ea65cb51 ",Establecer y mantener estimaciones de los atributos de los productos de trabajo y tareas.,https://docs.google.com/spreadsheets/d/13z7kBN9uYrVDxf3KlX2ODkQEVqAQ7ITG8ICAvQSVMT4/edit#gid=1628855467,https://docs.google.com/spreadsheets/d/15YHiVgXG_d_j7QuYgw93j3NC-uox56b5/edit#gid=1168316553https://docs.google.com/document/d/1_c7FelLye5r8Uy17W_b6kmUf9ClzLdKlCy6OZQi4rvI/edit,https://docs.google.com/spreadsheets/d/1QKA_3P5wmbxxDLRjFDFoHVFJ7ZXYtG7g/edit?rtpof=true#gid=1759118849,https://docs.google.com/spreadsheets/d/1c6Hiu_N86OKgZpEs_suE02_pqB89-yMG/edit?usp=sharing&ouid=103099851932148131705&rtpof=true&sd=true,No
PP,1.3,"https://www.notion.so/2e4a2ab3f2074a3683365f1cb3aa05bb https://www.notion.so/53dbffc18b6e45eeb9bb39c46eff0874 ",Definir las fases del ciclo de vida del proyecto las cuales se debe medir el esfuerzo planeado.,"https://docs.google.com/document/d/1WffQK9GLzX2kL0MUVcXMbCiW4hOo_Gay0Mx5KcPrhso/edit
https://docs.google.com/spreadsheets/d/1L66MAltu6lK1y1ymyY7GZ6uszyOwQEpkHkyzTbfuthw/edit#gid=0","https://docs.google.com/document/d/1hI6IjDQnsjUziMOPbc_yGZKwWKDivH1S3ml35-4tBW4/edit
https://docs.google.com/spreadsheets/d/1lTkjEu9h_tL4poxMdbcH-f1jBhsbkb_N4KLG8eYdJ1s/edit?usp=sharing","https://docs.google.com/spreadsheets/d/1cXY9wzj3fHXCIr_Qq5gUpcgcxPj7WhlAmuwidzMpELU/edit#gid=0

https://docs.google.com/document/d/1ZGzEpb0GIHBni0H7QcSaKb9IOIvvAlTyOiKPPC843VU/edit","https://www.notion.so/53dbffc18b6e45eeb9bb39c46eff0874 
https://docs.google.com/spreadsheets/d/175ahn0uCx5s1QWTb-lTVCrFA0dw7-gRo5owXoDad0U8/edit?usp=sharing",No
PP,1.4,"https://www.notion.so/52dfc22ac0cc4568a9b28eba9728d95b 
https://www.notion.so/918a56f9fd09449883b03d940da4b7bf 
https://www.notion.so/f26c404232d041059bb70ad943b1cd6a ",Estimar el esfuerzo y el costo del proyecto para los productos de trabajo y las tareas basados en una estimación racional.,"https://docs.google.com/spreadsheets/d/13z7kBN9uYrVDxf3KlX2ODkQEVqAQ7ITG8ICAvQSVMT4/edit#gid=1628855467
https://docs.google.com/spreadsheets/d/1TLxCuTym9CVzjSFSKslSXwWaxFP6B2tqPcmsS5fd8nY/edit#gid=1870117847","https://docs.google.com/spreadsheets/d/1HbzMiXttUKZ8cT7_ojR3IjItOwgFFwI6_DVSh30Vvn0/edit#gid=21482158
","https://docs.google.com/spreadsheets/u/1/d/1om8iYmkU3GqTv_iqXZNlFjtid7N7lXKv/edit#gid=1168316553 https://docs.google.com/spreadsheets/d/16v4OjKUs22GUT8xoDtQDKgFqLNTCDnqK/edit?usp=sharing&ouid=105928939339299755939&rtpof=true&sd=true
https://docs.google.com/spreadsheets/d/1MRO5T_VGLGJf0tEX8OwmFtHVbBq0HBad/edit?usp=sharing&ouid=104650025455859779660&rtpof=true&sd=true
https://docs.google.com/spreadsheets/d/1QKA_3P5wmbxxDLRjFDFoHVFJ7ZXYtG7g/edit?rtpof=true#gid=1759118849",https://docs.google.com/spreadsheets/d/1c6Hiu_N86OKgZpEs_suE02_pqB89-yMG/edit?usp=sharing&ouid=103099851932148131705&rtpof=true&sd=true,No
PP,2.1,"https://www.notion.so/87d9af16e8534c6897b915954bc66e51 ",Establecer y mantener el presupuesto y el cronograma del proyecto.,https://docs.google.com/spreadsheets/d/13z7kBN9uYrVDxf3KlX2ODkQEVqAQ7ITG8ICAvQSVMT4/edit#gid=1628855467,"https://docs.google.com/spreadsheets/d/1HbzMiXttUKZ8cT7_ojR3IjItOwgFFwI6_DVSh30Vvn0/edit#gid=21482158
",https://docs.google.com/spreadsheets/d/1QKA_3P5wmbxxDLRjFDFoHVFJ7ZXYtG7g/edit?rtpof=true#gid=1759118849,https://docs.google.com/spreadsheets/d/1c6Hiu_N86OKgZpEs_suE02_pqB89-yMG/edit?usp=sharing&ouid=103099851932148131705&rtpof=true&sd=true,Yes
PP,2.2,"https://www.notion.so/349b15b299e846beb45066c69dddea68 
https://www.notion.so/a17640175ab84a00b893729ff62c499a ","Identificar y documentar sus riesgos y posibles formas de contingencia y mitigación ",https://docs.google.com/spreadsheets/d/1wwAeUnP5OGNxX5tJfOnuVc6ZHfhk8GxhK3ndpjoG3t0/edit#gid=1656331401,"https://www.notion.so/06295d50d5b44ad0bbd3db5e7803386f ",https://docs.google.com/spreadsheets/d/1w-JjZQIob-X-LAZHQsREY2kjbVE94wVHMLd9QaDCT88/edit?usp=sharing,https://docs.google.com/spreadsheets/d/1PzTUtLSXY0PZ8IQI7yHRRp1WNh1RJXBEK6jNZeoHTGc/edit?usp=sharing,Yes
PP,2.3,"https://www.notion.so/18c89d5e58474432b750fc2f796c3fcf
https://www.notion.so/ac4a97d1d2214c78ad58a80c3b96542e 
https://www.notion.so/8ef56009a3d545a1a998b4d596eaddb2 ",Definir una política de manejo de datos,https://www.back4app.com/InformationSecurityManual.docx.pdf,https://docs.google.com/document/d/1k662G6r1GMFuFDTpK8d4RN60jxu7k3NbKdg7plsbd2Q/edit?usp=sharing,https://docs.google.com/document/d/1bawxeowvC1bn4w3YMZAT9sU89alsNilmmlYzO8AoYxc/edit?usp=sharing,No aplica,No
PP,2.4,,Planificar los recursos necesarios para realizar el proyecto.,https://docs.google.com/document/d/1WffQK9GLzX2kL0MUVcXMbCiW4hOo_Gay0Mx5KcPrhso/edit?usp=sharing,https://docs.google.com/document/d/1hI6IjDQnsjUziMOPbc_yGZKwWKDivH1S3ml35-4tBW4/edit,https://docs.google.com/document/d/1ZGzEpb0GIHBni0H7QcSaKb9IOIvvAlTyOiKPPC843VU/edit,"https://www.notion.so/53dbffc18b6e45eeb9bb39c46eff0874 ",No
PP,2.5,"https://www.notion.so/082432fd59c346259eddeb22a2abea34   
https://www.notion.so/c81870dcf9a6484d81e1fcad0ee767e6 
https://www.notion.so/d96c2fa60cae4c4885b4773676c24863 
https://www.notion.so/643c9ce7587e4ff1915cc9642affe9cf ","Identificar las habilidades y conocimientos necesarios para desarrollar el proyecto ","https://www.notion.so/26bf5c69ed04497fbd1fbe9a78145a9d ","https://www.notion.so/0d43010743974b078dbdf46923977d55 ","https://www.notion.so/4bd019cc0018442a9af6025ee5c186fc ",No aplica,Yes
PP,2.6,"https://www.notion.so/03a2df1581f34d6a987c6daafb995cfa 
https://www.notion.so/0a06bfc99c1548ff92046fb751e4bcdc ",Planificar la participación de los stakeholders identificados,https://docs.google.com/document/d/148TFaqCl7sKZljcwYn3pu6u_hfYzjwtt63Kioc1HMkQ/edit?usp=sharing,https://docs.google.com/document/d/1ver_Hm4LyGAqk2qoysLFHdP0UbUtATFU/edit#heading=h.tvax2jeclqni,https://docs.google.com/document/d/11t80_aib7QCfwUyCkWCHnoIF-GQmeoQ0/edit,No aplica,No
PP,2.7,"https://www.notion.so/87d9af16e8534c6897b915954bc66e51  
https://www.notion.so/94653bc268bc4025b1e9aaff84b6175d
https://www.notion.so/38496412c5c84378b582eb61bfc071ff 
https://www.notion.so/918a56f9fd09449883b03d940da4b7bf 
https://www.notion.so/52dfc22ac0cc4568a9b28eba9728d95b 
https://www.notion.so/ed8dbf244e9e4cc6b5c08f8e162744c2  ",Establecer y mantener el contenido general del plan del proyecto.,https://docs.google.com/spreadsheets/d/13z7kBN9uYrVDxf3KlX2ODkQEVqAQ7ITG8ICAvQSVMT4/edit#gid=1628855467,"https://docs.google.com/spreadsheets/d/1HbzMiXttUKZ8cT7_ojR3IjItOwgFFwI6_DVSh30Vvn0/edit#gid=21482158
",https://docs.google.com/spreadsheets/d/1QKA_3P5wmbxxDLRjFDFoHVFJ7ZXYtG7g/edit?rtpof=true#gid=1759118849,https://docs.google.com/spreadsheets/d/1c6Hiu_N86OKgZpEs_suE02_pqB89-yMG/edit?usp=sharing&ouid=103099851932148131705&rtpof=true&sd=true,No
PP,3.1,"
https://www.notion.so/94653bc268bc4025b1e9aaff84b6175d
https://www.notion.so/38496412c5c84378b582eb61bfc071ff 
https://www.notion.so/918a56f9fd09449883b03d940da4b7bf 
https://www.notion.so/52dfc22ac0cc4568a9b28eba9728d95b 
https://www.notion.so/ed8dbf244e9e4cc6b5c08f8e162744c2  
https://www.notion.so/e737cc2447ea4cd283d7f7b4f3e4ea29  ",Revisar todos los planes que afectan el proyecto para comprender los compromisos del mismo.,https://docs.google.com/document/d/1RFcT0yIR5aycQgBkCpL6uwCcv3u2jGF8HzzqIVIu_70/edit?usp=sharing                                https://docs.google.com/spreadsheets/d/13z7kBN9uYrVDxf3KlX2ODkQEVqAQ7ITG8ICAvQSVMT4/edit#gid=1628855467,"https://docs.google.com/document/d/1HQuSYqwVtNIdWTU2tgjJ3QOw-vByQjpR/edit?usp=sharing&ouid=107293555314282144034&rtpof=true&sd=true                                https://docs.google.com/spreadsheets/d/1HbzMiXttUKZ8cT7_ojR3IjItOwgFFwI6_DVSh30Vvn0/edit#gid=21482158 ",https://docs.google.com/document/d/1AjXaQsXhOOvYaxDNU9vdZ2g6kdl9C6oI/edit                              https://docs.google.com/spreadsheets/d/1QKA_3P5wmbxxDLRjFDFoHVFJ7ZXYtG7g/edit?rtpof=true#gid=1759118849,"https://docs.google.com/document/d/1HQuSYqwVtNIdWTU2tgjJ3QOw-vByQjpR/edit?usp=sharing&ouid=103099851932148131705&rtpof=true&sd=true
https://docs.google.com/document/d/1AjXaQsXhOOvYaxDNU9vdZ2g6kdl9C6oI/edit?usp=sharing&ouid=103099851932148131705&rtpof=true&sd=true
https://docs.google.com/document/d/1RFcT0yIR5aycQgBkCpL6uwCcv3u2jGF8HzzqIVIu_70/edit?usp=sharing",No
PP,3.2,"https://www.notion.so/87d9af16e8534c6897b915954bc66e51 ",Conciliar el plan del proyecto para reflejar los recursos disponibles y estimados.,https://docs.google.com/spreadsheets/d/13z7kBN9uYrVDxf3KlX2ODkQEVqAQ7ITG8ICAvQSVMT4/edit?usp=sharing,"https://docs.google.com/spreadsheets/d/1HbzMiXttUKZ8cT7_ojR3IjItOwgFFwI6_DVSh30Vvn0/edit#gid=21482158
",https://docs.google.com/spreadsheets/d/1QKA_3P5wmbxxDLRjFDFoHVFJ7ZXYtG7g/edit?rtpof=true#gid=1759118849,https://docs.google.com/spreadsheets/d/1c6Hiu_N86OKgZpEs_suE02_pqB89-yMG/edit?usp=sharing&ouid=103099851932148131705&rtpof=true&sd=true,No
PP,3.3,"https://www.notion.so/e1e5bbb4e08b47f9b6410324c808721f 
https://www.notion.so/4da9d22eadff41788a3cab5fa6daed30 
https://www.notion.so/03a2df1581f34d6a987c6daafb995cfa 
https://www.notion.so/c2c879c63b17431aaef027b787db8387 ",Obtener el compromiso stakeholders responsables de realizar y apoyar la ejecución del plan.,"https://docs.google.com/document/d/1RFcT0yIR5aycQgBkCpL6uwCcv3u2jGF8HzzqIVIu_70/edit?usp=sharing
https://docs.google.com/document/d/148TFaqCl7sKZljcwYn3pu6u_hfYzjwtt63Kioc1HMkQ/edit?usp=sharing","https://docs.google.com/document/d/1RFcT0yIR5aycQgBkCpL6uwCcv3u2jGF8HzzqIVIu_70/edit?usp=sharing
https://docs.google.com/document/d/1ver_Hm4LyGAqk2qoysLFHdP0UbUtATFU/edit#heading=h.tvax2jeclqni
https://drive.google.com/drive/u/1/folders/1P7kWA3RI2g1T5nwlVOwlbqCKuETw_owM
https://www.notion.so/de00681fb80c4b0ebfeb4ddb10e897c5 ","https://docs.google.com/document/d/1RFcT0yIR5aycQgBkCpL6uwCcv3u2jGF8HzzqIVIu_70/edit?usp=sharing
https://docs.google.com/document/d/11t80_aib7QCfwUyCkWCHnoIF-GQmeoQ0/edit","https://docs.google.com/document/d/1HQuSYqwVtNIdWTU2tgjJ3QOw-vByQjpR/edit?usp=sharing&ouid=103099851932148131705&rtpof=true&sd=true
https://docs.google.com/document/d/1AjXaQsXhOOvYaxDNU9vdZ2g6kdl9C6oI/edit?usp=sharing&ouid=103099851932148131705&rtpof=true&sd=true
https://docs.google.com/document/d/1RFcT0yIR5aycQgBkCpL6uwCcv3u2jGF8HzzqIVIu_70/edit?usp=sharing",No
RD,,,,,,,,No
TS,1.1,"Manual de arquitectura
Estrategia de desarrollo",Seleccionar un stack tecnológico y crear un criterio de selección de tecnologías.,https://docs.google.com/document/d/16RO1HQoXYiIV6LhB9_ILzCzWKDffz-6WAUXxdGyQ0-Q/edit?usp=sharing,https://docs.google.com/document/d/1hI6IjDQnsjUziMOPbc_yGZKwWKDivH1S3ml35-4tBW4/edit?usp=sharing,"No se puede compartir el Manual técnico por anuncio de privacidad
https://docs.google.com/document/d/1ZGzEpb0GIHBni0H7QcSaKb9IOIvvAlTyOiKPPC843VU/edit?usp=sharing",No aplica,No
TS,1.2,Prueba de arquitectura,Realizar una prueba de arquitectura donde se analice el entorno donde la aplicación va a correr.,,https://docs.google.com/document/d/1Ix3781tZV4ucq3b2ikmf9h4NZx9BdyZOAsaxzwr59zI/edit?usp=sharing,https://docs.google.com/document/d/1HUceUUszWIXxZlutNnlBc_s4CJW-eGRfOZT_de44RXQ/edit?usp=sharing,No aplica,No
TS,1.3,"Manual de arquitectura
Estrategia de desarrollo",Argumentar el uso de las tecnologías seleccionadas.,"https://docs.google.com/document/d/16RO1HQoXYiIV6LhB9_ILzCzWKDffz-6WAUXxdGyQ0-Q/edit?usp=sharing
https://docs.google.com/document/d/1WffQK9GLzX2kL0MUVcXMbCiW4hOo_Gay0Mx5KcPrhso/edit#",https://docs.google.com/document/d/1hI6IjDQnsjUziMOPbc_yGZKwWKDivH1S3ml35-4tBW4/edit?usp=sharing,https://docs.google.com/document/d/1ZGzEpb0GIHBni0H7QcSaKb9IOIvvAlTyOiKPPC843VU/edit?usp=sharing,No aplica,Yes
TS,2.1,Manual de arquitectura,"Diseñar la solución deseada siguiendo criterios y estándares de diseño, apegándose a los requerimientos y documentando el diseño.",https://docs.google.com/document/d/16RO1HQoXYiIV6LhB9_ILzCzWKDffz-6WAUXxdGyQ0-Q/edit?usp=sharing,,Manual de Arquitectura,No aplica,No
TS,2.2,Manual de arquitectura,"Describir y documentar detalladamente los diseños, las decisiones tomadas y el stack tecnológico necesario.",https://docs.google.com/document/d/16RO1HQoXYiIV6LhB9_ILzCzWKDffz-6WAUXxdGyQ0-Q/edit?usp=sharing,,Manual de Arquitectura,No aplica,Yes
TS,2.3,"Manual de arquitectura
Wireframes","Defina los criterios de interfaz.
Aplicar los criterios a las alternativas de diseño de interfaz.
Documentar los diseños de interfaz seleccionados y la justificación de la selección.",https://www.figma.com/file/475KYHj72QTRt65kqdFtcI/Campanario?node-id=0%3A1,https://www.figma.com/file/puxM7Ld5ddacEvwPIlqlZG/Prototipo-Capullo?node-id=188%3A1341,https://www.figma.com/file/PUMbMJwxHjQGbIONXutc5o/Dise%C3%B1o-final,No aplica,No
TS,2.4,"Manual de arquitectura
Prueba de arquitectura","Desarrollar criterios para la reutilización de diseños producto-componente.
Analizar diseños para determinar si los componentes del producto deben desarrollarse, reutilizarse o comprarse.
Planificar su mantenimiento en caso de que sean comprados o no sean de desarrollo.",,https://docs.google.com/document/d/1Ix3781tZV4ucq3b2ikmf9h4NZx9BdyZOAsaxzwr59zI/edit?usp=sharing,https://docs.google.com/document/d/1HUceUUszWIXxZlutNnlBc_s4CJW-eGRfOZT_de44RXQ/edit,No aplica,No
TS,3.1,"Manual de arquitectura
Pruebas
Prueba de arquitectura
Inspecciones","Realizar revisiones de código, documentación, procesos, etc. haciendo pair reviewing y/o pruebas unitarias.",https://docs.google.com/spreadsheets/d/1figjh908zZbMkaM9Dez0vlgXjx47g25p15HyM3-aoSs/edit#gid=0,"https://docs.google.com/spreadsheets/d/1IZVOhqHAiomLfudCv5rxDDtZ6Yh8BQ5G2dqpiK3F9oc/edit?usp=sharing
https://docs.google.com/spreadsheets/d/1zNllw9QaEOYgeT7ugrCoEgDi3ILfDEv1BvsN_EeIf0k/edit?usp=sharing
https://docs.google.com/document/d/1WaIqBFH7XRqgxXHNksI-QKdTuDY7igww/edit?usp=sharing&ouid=107293555314282144034&rtpof=true&sd=true",https://docs.google.com/spreadsheets/d/1RyCBt4pAh-WmrjgXZGp8KuVMJFZmbnElY0RbIZQkdRw/edit#gid=0https://docs.google.com/document/d/1uVRBM4hwP5IhKmrXSummeRZeT8_g7QNX/edit,No aplica,No
TS,3.2,Manual de arquitectura,"Dar seguimiento a la aplicación después del primer uso real (despliegue del MVP), buscando problemas que dificulten el uso adecuado del sistema identificándolos y resolviéndolos.",No se ha hecho,No se ha hecho,No se ha hecho,No aplica,No
CM,1.1,"https://www.notion.so/8ef56009a3d545a1a998b4d596eaddb2 
https://www.notion.so/81ed479aea0d45db89846463687d2a6f 
https://www.notion.so/14bf0cdb2ba24eb2b0002ae5b08bc493 
- Estándar de nombramiento de ramas de cada equipo
- Líneas base del departamento
https://www.notion.so/b8ed4da973734d2fbc0b23f6e677e18a ","Identificar los elementos de configuración, los componentes, y los productos
de trabajo relacionados que serán puestos bajo gestión de configuración.","https://www.notion.so/8ef56009a3d545a1a998b4d596eaddb2 
https://www.notion.so/6b1de44ac0a140868af7f31b416dd476 
https://github.com/Ace-Software-Development/florimperial_campanario_web_react
https://github.com/Ace-Software-Development/florimperial_campanario_mobile","https://www.notion.so/8ef56009a3d545a1a998b4d596eaddb2 
https://www.notion.so/41b25a5f7fb24877bc3aa958c9410c93 
https://www.notion.so/2a33b86aed2b43608490bb0e784b3835
https://www.notion.so/070395d29e4c4e8c9a3b53ed98a5bfe7  
https://github.com/Ace-Software-Development/blackjack_monarca","https://www.notion.so/8ef56009a3d545a1a998b4d596eaddb2 
https://www.notion.so/1007de6e0ff14f2888dc0c83b84fda88
https://www.notion.so/11968e3d836c4ec2b18e15bb2a6de39b  
https://github.com/Ace-Software-Development/fullhouse-nefrovida","https://www.notion.so/8ef56009a3d545a1a998b4d596eaddb2 
https://www.notion.so/81ed479aea0d45db89846463687d2a6f 
https://www.notion.so/14bf0cdb2ba24eb2b0002ae5b08bc493 
https://www.notion.so/4abacc0cd1bc4933b885625597ed9fd1
https://www.notion.so/b8ed4da973734d2fbc0b23f6e677e18a ",No
CM,1.2,"https://www.notion.so/81ed479aea0d45db89846463687d2a6f 
https://www.notion.so/bf25946982ff489caa0a189e216fe0f1 
https://www.notion.so/4158ca5084434fe8af80b550b1d19df7 
https://www.notion.so/c8d92fb8afa7421b81f8cdd652b6f100 
https://www.notion.so/9d3b4ef1e74a4028b85cb2cf1c30b926 
https://www.notion.so/8ef56009a3d545a1a998b4d596eaddb2 ","Establecer y mantener un sistema de gestión de configuración y de gestión de
cambios para controlar los productos de trabajo","- https://drive.google.com/drive/u/1/folders/10x8VJpAe7Mgfxg9R23CJx8cEpQjAM1tj
- https://github.com/orgs/Ace-Software-Development/teams/campanario
- https://a01701370.atlassian.net/jira/software/projects/CAM/boards/1","- https://drive.google.com/drive/u/1/folders/0AP0ySRxyhtwWUk9PVA
- https://github.com/orgs/Ace-Software-Development/teams/aluminio-monarca ","- https://drive.google.com/drive/u/1/folders/0AJaEPGWkgQRpUk9PVA
- https://github.com/orgs/Ace-Software-Development/teams/nefrovida","- ../ACE%20151ba79d118c41efbefe7e3b6a8369a6.md
- https://github.com/Ace-Software-Development
- https://drive.google.com/drive/u/1/folders/0AL39qAgoCl2_Uk9PVA 
- https://github.com/Ace-Software-Development/Manual_de_Operaciones_Notion
",Yes
CM,1.3,"https://www.notion.so/81ed479aea0d45db89846463687d2a6f 
https://www.notion.so/030c4f81d6e84eeebef55e154d94d949https://www.notion.so/b8ed4da973734d2fbc0b23f6e677e18a",Crear o liberar líneas base para uso interno y para entrega al cliente.,"https://github.com/Ace-Software-Development/florimperial_campanario_web_react
https://github.com/Ace-Software-Development/florimperial_campanario_mobile",https://github.com/Ace-Software-Development/blackjack_monarca,https://github.com/Ace-Software-Development/fullhouse-nefrovida,"https://www.notion.so/81ed479aea0d45db89846463687d2a6f 
https://www.notion.so/030c4f81d6e84eeebef55e154d94d949https://www.notion.so/b8ed4da973734d2fbc0b23f6e677e18a",No
CM,2.1,"-Repositorios por proyecto
https://www.notion.so/4158ca5084434fe8af80b550b1d19df7 
https://www.notion.so/8ef56009a3d545a1a998b4d596eaddb2 
- Verificación de cambios realizados a reportes de No Compliance",Los cambios en los productos de trabajo bajo la gestión de configuración se rastrean y controlan.,"https://github.com/Ace-Software-Development/florimperial_campanario_web_react/tree/main
https://github.com/Ace-Software-Development/florimperial_campanario_mobile/tree/main
https://github.com/Ace-Software-Development/florimperial_campanario_mobile/pulls
https://www.notion.so/8ef56009a3d545a1a998b4d596eaddb2 ","https://github.com/Ace-Software-Development/blackjack_monarca
https://github.com/Ace-Software-Development/blackjack_monarca/pulls
https://www.notion.so/8ef56009a3d545a1a998b4d596eaddb2 ","https://github.com/Ace-Software-Development/fullhouse-nefrovida/tree/main 
https://github.com/Ace-Software-Development/fullhouse-nefrovida/pulls
https://www.notion.so/8ef56009a3d545a1a998b4d596eaddb2 ","../ACE%20151ba79d118c41efbefe7e3b6a8369a6.md 
https://www.notion.so/8ef56009a3d545a1a998b4d596eaddb2 cada ítem de la wiki tiene su bitácora de cambios",Yes
CM,2.2,"-Estandares para manejo de ramas
-Estandares/procesos /guias para pull request
-Estándares de mensajes de commits
-Matrices de configuración
-Liga a pull requests",Controlar los cambios en los elementos de configuración.,"https://www.notion.so/11968e3d836c4ec2b18e15bb2a6de39b 
https://www.notion.so/1007de6e0ff14f2888dc0c83b84fda88 
https://www.notion.so/4e476dd3fd20414c9a81c58df7ea4d4e 
https://www.notion.so/8ef56009a3d545a1a998b4d596eaddb2 
https://github.com/Ace-Software-Development/florimperial_campanario_web_react/pulls
https://github.com/Ace-Software-Development/florimperial_campanario_mobile/pulls","https://docs.google.com/document/d/12n144NyS7S-g4RKkl7kjZyfoHCvMGDC5jU1S2PMr5IM/edit?usp=sharing
https://docs.google.com/document/d/1EeGmUUmx61dsZXy5PBmerGRb_oj610neiqMHozRFnYE/edit?usp=sharing
https://docs.google.com/document/d/1d5C3ruorxlI5tkZE17NUYwnzErZJL74EccCoVZezg5U/edit?usp=sharing
https://www.notion.so/8ef56009a3d545a1a998b4d596eaddb2 
https://github.com/Ace-Software-Development/blackjack_monarca/pulls","https://docs.google.com/document/d/1BkVj5qH1de0DSw2mxf960yACtC-bJwRfMpBuBCtPIg8/edit?usp=sharing
https://docs.google.com/document/d/1BobtF2HLKjx4G2Rq1aULLjX03287z2oxWb-kK6-TsrI/edit?usp=sharing
https://docs.google.com/document/d/1sABtD2fCO1g7hYjfC4f7_BDvUY_r8w6vBeatQrnHx58/edit?usp=sharing
https://www.notion.so/8ef56009a3d545a1a998b4d596eaddb2 
https://github.com/Ace-Software-Development/fullhouse-nefrovida/pulls","https://www.notion.so/c8d92fb8afa7421b81f8cdd652b6f100 
https://www.notion.so/bf25946982ff489caa0a189e216fe0f1 
https://www.notion.so/8ef56009a3d545a1a998b4d596eaddb2 ",No
CM,3.1,"https://www.notion.so/8ef56009a3d545a1a998b4d596eaddb2 
https://www.notion.so/2def9ed783854191833873f66c47a127 ",Establecer y mantener registros que describan los elementos de configuración.,"https://www.notion.so/bf25946982ff489caa0a189e216fe0f1 
https://www.notion.so/2def9ed783854191833873f66c47a127 ","https://www.notion.so/bf25946982ff489caa0a189e216fe0f1 
https://www.notion.so/2def9ed783854191833873f66c47a127 ","https://www.notion.so/bf25946982ff489caa0a189e216fe0f1 
https://www.notion.so/2def9ed783854191833873f66c47a127 ","https://www.notion.so/8ef56009a3d545a1a998b4d596eaddb2 
https://www.notion.so/bf25946982ff489caa0a189e216fe0f1 
https://www.notion.so/2def9ed783854191833873f66c47a127 
Cada ítem de la wiki tiene su bitácora de cambios",No
CM,3.2,no se ha hecho,Realizar auditorías de configuración para mantener la integridad de las líneas base de configuración.,No se ha hecho,No se ha hecho,No se ha hecho,No se ha hecho,No
M&A,1.1,"https://www.notion.so/5e76e247de104442b463068db4242266 
https://www.notion.so/42dbab27f9954ea6a9c795b460e486c0 ",Establecer los objetivos de medición,"https://www.notion.so/5e76e247de104442b463068db4242266 
https://www.notion.so/42dbab27f9954ea6a9c795b460e486c0 ","https://www.notion.so/5e76e247de104442b463068db4242266 
https://www.notion.so/42dbab27f9954ea6a9c795b460e486c0 ","https://www.notion.so/5e76e247de104442b463068db4242266 
https://www.notion.so/42dbab27f9954ea6a9c795b460e486c0 ","https://www.notion.so/a5949ddaac054f92bc72fbb179820242 
https://www.notion.so/5e76e247de104442b463068db4242266 
https://www.notion.so/42dbab27f9954ea6a9c795b460e486c0 ",Yes
M&A,1.2,"https://www.notion.so/5e76e247de104442b463068db4242266 
https://www.notion.so/42dbab27f9954ea6a9c795b460e486c0 ",Especificar las medidas.,"https://www.notion.so/5e76e247de104442b463068db4242266 
https://www.notion.so/42dbab27f9954ea6a9c795b460e486c0 ","https://www.notion.so/5e76e247de104442b463068db4242266 
https://www.notion.so/42dbab27f9954ea6a9c795b460e486c0 ","https://www.notion.so/5e76e247de104442b463068db4242266 
https://www.notion.so/42dbab27f9954ea6a9c795b460e486c0 ","https://www.notion.so/a5949ddaac054f92bc72fbb179820242 
https://www.notion.so/5e76e247de104442b463068db4242266 
https://www.notion.so/42dbab27f9954ea6a9c795b460e486c0 ",Yes
M&A,1.3,"https://www.notion.so/5e76e247de104442b463068db4242266 
https://www.notion.so/42dbab27f9954ea6a9c795b460e486c0 ",Especificar los procedimientos de recogida y de almacenamiento de datos.,"https://www.notion.so/5e76e247de104442b463068db4242266 
https://www.notion.so/42dbab27f9954ea6a9c795b460e486c0 ","https://www.notion.so/5e76e247de104442b463068db4242266 
https://www.notion.so/42dbab27f9954ea6a9c795b460e486c0 ","https://www.notion.so/5e76e247de104442b463068db4242266 
https://www.notion.so/42dbab27f9954ea6a9c795b460e486c0 ","https://www.notion.so/a5949ddaac054f92bc72fbb179820242 ",Yes
M&A,1.4,"https://www.notion.so/5e76e247de104442b463068db4242266 
https://www.notion.so/42dbab27f9954ea6a9c795b460e486c0 ",Especificar los procedimientos de análisis.,"https://www.notion.so/5e76e247de104442b463068db4242266 
https://www.notion.so/42dbab27f9954ea6a9c795b460e486c0 ","https://www.notion.so/5e76e247de104442b463068db4242266 
https://www.notion.so/42dbab27f9954ea6a9c795b460e486c0 ","https://www.notion.so/5e76e247de104442b463068db4242266 
https://www.notion.so/42dbab27f9954ea6a9c795b460e486c0 ","https://www.notion.so/a5949ddaac054f92bc72fbb179820242 
https://www.notion.so/5e76e247de104442b463068db4242266 
https://www.notion.so/42dbab27f9954ea6a9c795b460e486c0 ",Yes
M&A,2.1,"https://www.notion.so/d31191e6d1ef4ac7a55c5fbc6b85aa2e 
https://www.notion.so/9fd6387eed6245e6a378148851a19daa ",Obtener los datos de la medición,"https://www.notion.so/d31191e6d1ef4ac7a55c5fbc6b85aa2e 
https://www.notion.so/9fd6387eed6245e6a378148851a19daa ","https://www.notion.so/d31191e6d1ef4ac7a55c5fbc6b85aa2e 
https://www.notion.so/9fd6387eed6245e6a378148851a19daa ","https://www.notion.so/d31191e6d1ef4ac7a55c5fbc6b85aa2e 
https://www.notion.so/9fd6387eed6245e6a378148851a19daa ","https://www.notion.so/d31191e6d1ef4ac7a55c5fbc6b85aa2e 
https://www.notion.so/9fd6387eed6245e6a378148851a19daa ",Yes
M&A,2.2,"https://www.notion.so/d31191e6d1ef4ac7a55c5fbc6b85aa2e 
https://www.notion.so/9fd6387eed6245e6a378148851a19daa ",Analizar los datos de la medición.,"https://www.notion.so/d31191e6d1ef4ac7a55c5fbc6b85aa2e 
https://www.notion.so/9fd6387eed6245e6a378148851a19daa ","https://www.notion.so/d31191e6d1ef4ac7a55c5fbc6b85aa2e 
https://www.notion.so/9fd6387eed6245e6a378148851a19daa ","https://www.notion.so/d31191e6d1ef4ac7a55c5fbc6b85aa2e 
https://www.notion.so/9fd6387eed6245e6a378148851a19daa ","https://www.notion.so/d31191e6d1ef4ac7a55c5fbc6b85aa2e 
https://www.notion.so/9fd6387eed6245e6a378148851a19daa ",No
M&A,2.3,"https://www.notion.so/d31191e6d1ef4ac7a55c5fbc6b85aa2e 
https://www.notion.so/9fd6387eed6245e6a378148851a19daa ",Almacenar los datos y los resultados.,"https://www.notion.so/d31191e6d1ef4ac7a55c5fbc6b85aa2e 
https://www.notion.so/9fd6387eed6245e6a378148851a19daa ","https://www.notion.so/d31191e6d1ef4ac7a55c5fbc6b85aa2e 
https://www.notion.so/9fd6387eed6245e6a378148851a19daa ","https://www.notion.so/d31191e6d1ef4ac7a55c5fbc6b85aa2e 
https://www.notion.so/9fd6387eed6245e6a378148851a19daa ","https://www.notion.so/d31191e6d1ef4ac7a55c5fbc6b85aa2e 
https://www.notion.so/9fd6387eed6245e6a378148851a19daa ",Yes
M&A,2.4,"https://www.notion.so/d31191e6d1ef4ac7a55c5fbc6b85aa2e 
https://www.notion.so/9fd6387eed6245e6a378148851a19daa ",Comunicar los resultados,"https://www.notion.so/d31191e6d1ef4ac7a55c5fbc6b85aa2e 
https://www.notion.so/9fd6387eed6245e6a378148851a19daa ","https://www.notion.so/d31191e6d1ef4ac7a55c5fbc6b85aa2e 
https://www.notion.so/9fd6387eed6245e6a378148851a19daa ","https://www.notion.so/d31191e6d1ef4ac7a55c5fbc6b85aa2e 
https://www.notion.so/9fd6387eed6245e6a378148851a19daa ","https://www.notion.so/d31191e6d1ef4ac7a55c5fbc6b85aa2e 
https://www.notion.so/9fd6387eed6245e6a378148851a19daa ",Yes
PMC,1.1,"- Gráfica de costo estimado vs real
- Gráfica de valor estimado vs real
https://www.notion.so/94653bc268bc4025b1e9aaff84b6175d 
https://www.notion.so/e9549f04511143c5b3735cd790aa02f9 ",Monitorear los valores actuales de los parámetros de la planeación del proyecto contra el plan de proyecto,"(Hoja “Salud del proyecto” ) https://docs.google.com/spreadsheets/d/1TLxCuTym9CVzjSFSKslSXwWaxFP6B2tqPcmsS5fd8nY/edit?usp=sharing
Las gráficas están a la derecha de la tabla",https://docs.google.com/spreadsheets/d/15YHiVgXG_d_j7QuYgw93j3NC-uox56b5/edit#gid=325482605,https://docs.google.com/spreadsheets/d/1QKA_3P5wmbxxDLRjFDFoHVFJ7ZXYtG7g/edit?usp=sharing&ouid=104650025455859779660&rtpof=true&sd=true (Avance),"https://docs.google.com/spreadsheets/d/1c6Hiu_N86OKgZpEs_suE02_pqB89-yMG/edit?usp=sharing&ouid=103099851932148131705&rtpof=true&sd=true
https://www.canva.com/design/DAE8Zf4n_eg/-vNpbIcPE_N_zbXUibG3Cw/view?utm_content=DAE8Zf4n_eg&utm_campaign=designshare&utm_medium=link&utm_source=homepage_design_menu
https://www.canva.com/design/DAE9DIu5_Ag/jYeVJA4duQOBcNNKjZqkKA/view?utm_content=DAE9DIu5_Ag&utm_campaign=designshare&utm_medium=link&utm_source=homepage_design_menu
https://www.canva.com/design/DAE-XNBLvfM/c3FpNbBXTfd-ZiGK1eDoFg/view?utm_content=DAE-XNBLvfM&utm_campaign=designshare&utm_medium=link&utm_source=homepage_design_menu
https://www.canva.com/design/DAE_Ba3sKmM/nn3gywCxFwQEp4Lmp1zmsg/view?utm_content=DAE_Ba3sKmM&utm_campaign=designshare&utm_medium=link&utm_source=homepage_design_menu
https://www.canva.com/design/DAE_sYYG9Ww/7Z0UyPuLTUEaVqbXSRUnYg/view?utm_content=DAE_sYYG9Ww&utm_campaign=designshare&utm_medium=link&utm_source=homepage_design_menu",No
PMC,1.2,"https://www.notion.so/9e356c5b62be47cb8cb563696a8e04da 
https://www.notion.so/c2762413ae9a45308638bcc34ba1e5a7 
- Evaluación PPQA",Supervisar los compromisos frente a los identificados en el plan del proyecto,https://www.figma.com/file/lPbWQG0M3SKtnJh2IjaDun/Plantilla-retrospective-(Copy)-(Copy)?node-id=1028%3A85,https://www.notion.so/b14875237f534d3b9ce76c43b7f4c2c9,https://docs.google.com/presentation/d/1d2O6vqi2FH4SJMVctgU3CqPeP9tjUFDp/edit?usp=sharing&ouid=104650025455859779660&rtpof=true&sd=true,https://www.figma.com/file/N3XHhUKE7geYW39GpCgSQn/Retrospective-05.04.2022?node-id=0%3A1,No
PMC,1.3,"https://www.notion.so/349b15b299e846beb45066c69dddea68 
https://www.notion.so/a17640175ab84a00b893729ff62c499a 
-https://www.notion.so/94653bc268bc4025b1e9aaff84b6175d ",Supervisar los riesgos frente a los identificados en el plan del proyecto,https://docs.google.com/spreadsheets/d/1wwAeUnP5OGNxX5tJfOnuVc6ZHfhk8GxhK3ndpjoG3t0/edit?usp=sharing,"https://www.notion.so/06295d50d5b44ad0bbd3db5e7803386f ",https://docs.google.com/spreadsheets/d/1w-JjZQIob-X-LAZHQsREY2kjbVE94wVHMLd9QaDCT88/edit?usp=sharing,"https://docs.google.com/spreadsheets/d/1PzTUtLSXY0PZ8IQI7yHRRp1WNh1RJXBEK6jNZeoHTGc/edit?usp=sharing
https://www.notion.so/349b15b299e846beb45066c69dddea68 ",No
PMC,1.4,"https://www.notion.so/9e356c5b62be47cb8cb563696a8e04da 
https://www.notion.so/c2762413ae9a45308638bcc34ba1e5a7 
- Gráfica de seguimiento de SCP y CPI",Monitorear la gestión de los datos del proyecto con respecto al plan del proyecto,"(Hoja “Salud del proyecto” ) https://docs.google.com/spreadsheets/d/1TLxCuTym9CVzjSFSKslSXwWaxFP6B2tqPcmsS5fd8nY/edit?usp=sharing
El seguimiento a SPI vs CPI se encuentra a la derecha abajo de las gráficas de SPI y CPI
https://www.figma.com/file/lPbWQG0M3SKtnJh2IjaDun/Plantilla-retrospective-(Copy)-(Copy)?node-id=1028%3A85","https://www.notion.so/b14875237f534d3b9ce76c43b7f4c2c9
https://docs.google.com/spreadsheets/d/15YHiVgXG_d_j7QuYgw93j3NC-uox56b5/edit#gid=487232860
","https://docs.google.com/presentation/d/1d2O6vqi2FH4SJMVctgU3CqPeP9tjUFDp/edit?usp=sharing&ouid=104650025455859779660&rtpof=true&sd=true
https://docs.google.com/spreadsheets/d/1QKA_3P5wmbxxDLRjFDFoHVFJ7ZXYtG7g/edit?usp=sharing&ouid=104650025455859779660&rtpof=true&sd=true (Avance)","https://docs.google.com/spreadsheets/d/1c6Hiu_N86OKgZpEs_suE02_pqB89-yMG/edit?usp=sharing&ouid=103099851932148131705&rtpof=true&sd=true
https://www.figma.com/file/N3XHhUKE7geYW39GpCgSQn/Retrospective-05.04.2022?node-id=0%3A1",No
PMC,1.5,"https://www.notion.so/4e0f7e6e3e57447b86dcdbe1d9863115 
https://www.notion.so/0a06bfc99c1548ff92046fb751e4bcdc 
- Minutas y presentaciones con stakeholders",Monitorear el involucramiento de los stakeholders en el proyecto,https://docs.google.com/document/d/148TFaqCl7sKZljcwYn3pu6u_hfYzjwtt63Kioc1HMkQ/edit?usp=sharing,https://docs.google.com/document/d/1ver_Hm4LyGAqk2qoysLFHdP0UbUtATFU/edit?usp=sharing&ouid=118218522400569345371&rtpof=true&sd=true,"https://docs.google.com/document/d/1WO61NuaeW1dT05Cy7bfXTyAn1HyKUIGc/edit?usp=sharing&ouid=104650025455859779660&rtpof=true&sd=true
https://docs.google.com/document/d/1KoOdP7q_IvdQ7ctXg_3P-pR-G4Tf364bAidvtXkVSkE/edit?usp=sharing",No aplica,No
PMC,1.6,"https://www.notion.so/f78724bec45744b3b5627fda80160521 
- Minutas
- Plan de trabajo con gráficas
https://www.notion.so/9e356c5b62be47cb8cb563696a8e04da 
https://www.notion.so/c2762413ae9a45308638bcc34ba1e5a7 
https://www.notion.so/e9549f04511143c5b3735cd790aa02f9 
https://www.notion.so/94653bc268bc4025b1e9aaff84b6175d ","Revisar periódicamente el avance, desempeño y problemas del proyecto","https://docs.google.com/spreadsheets/d/13z7kBN9uYrVDxf3KlX2ODkQEVqAQ7ITG8ICAvQSVMT4/edit?usp=sharing
https://www.figma.com/file/lPbWQG0M3SKtnJh2IjaDun/Plantilla-retrospective-(Copy)-(Copy)?node-id=1028%3A85
","https://docs.google.com/spreadsheets/d/15YHiVgXG_d_j7QuYgw93j3NC-uox56b5/edit#gid=1168316553
https://www.notion.so/b14875237f534d3b9ce76c43b7f4c2c9","https://docs.google.com/spreadsheets/d/1QKA_3P5wmbxxDLRjFDFoHVFJ7ZXYtG7g/edit?usp=sharing&ouid=104650025455859779660&rtpof=true&sd=true
https://docs.google.com/spreadsheets/d/13Eu4ErCpe7Rgm9Hf0MWEOi_RyZ1DWaOpXUE3O14IkRw/edit?usp=sharing
https://docs.google.com/presentation/d/1d2O6vqi2FH4SJMVctgU3CqPeP9tjUFDp/edit?usp=sharing&ouid=104650025455859779660&rtpof=true&sd=true","https://docs.google.com/spreadsheets/d/1c6Hiu_N86OKgZpEs_suE02_pqB89-yMG/edit?usp=sharing&ouid=103099851932148131705&rtpof=true&sd=true
https://www.figma.com/file/N3XHhUKE7geYW39GpCgSQn/Retrospective-05.04.2022?node-id=0%3A1
https://www.canva.com/design/DAE8Zf4n_eg/-vNpbIcPE_N_zbXUibG3Cw/view?utm_content=DAE8Zf4n_eg&utm_campaign=designshare&utm_medium=link&utm_source=homepage_design_menu
https://www.canva.com/design/DAE9DIu5_Ag/jYeVJA4duQOBcNNKjZqkKA/view?utm_content=DAE9DIu5_Ag&utm_campaign=designshare&utm_medium=link&utm_source=homepage_design_menu
https://www.canva.com/design/DAE-XNBLvfM/c3FpNbBXTfd-ZiGK1eDoFg/view?utm_content=DAE-XNBLvfM&utm_campaign=designshare&utm_medium=link&utm_source=homepage_design_menu
https://www.canva.com/design/DAE_Ba3sKmM/nn3gywCxFwQEp4Lmp1zmsg/view?utm_content=DAE_Ba3sKmM&utm_campaign=designshare&utm_medium=link&utm_source=homepage_design_menu
https://www.canva.com/design/DAE_sYYG9Ww/7Z0UyPuLTUEaVqbXSRUnYg/view?utm_content=DAE_sYYG9Ww&utm_campaign=designshare&utm_medium=link&utm_source=homepage_design_menu",No
PMC,1.7,"https://www.notion.so/9e356c5b62be47cb8cb563696a8e04da 
https://www.notion.so/c2762413ae9a45308638bcc34ba1e5a7 
- Patrones y antipatrones (reportes de estado)",Revisar resultados y logros del proyecto en milestones seleccionados para el proyecto,"https://www.figma.com/file/lPbWQG0M3SKtnJh2IjaDun/Plantilla-retrospective-(Copy)-(Copy)?node-id=1028%3A85
https://www.canva.com/design/DAE8Zf4n_eg/-vNpbIcPE_N_zbXUibG3Cw/view?utm_content=DAE8Zf4n_eg&utm_campaign=designshare&utm_medium=link&utm_source=homepage_design_menu (patrones y antipatrones)
https://www.canva.com/design/DAE9DIu5_Ag/jYeVJA4duQOBcNNKjZqkKA/view?utm_content=DAE9DIu5_Ag&utm_campaign=designshare&utm_medium=link&utm_source=homepage_design_menu (patrones y antipatrones)
https://www.canva.com/design/DAE-XNBLvfM/c3FpNbBXTfd-ZiGK1eDoFg/view?utm_content=DAE-XNBLvfM&utm_campaign=designshare&utm_medium=link&utm_source=homepage_design_menu (patrones y antipatrones)
https://www.canva.com/design/DAE_Ba3sKmM/nn3gywCxFwQEp4Lmp1zmsg/view?utm_content=DAE_Ba3sKmM&utm_campaign=designshare&utm_medium=link&utm_source=homepage_design_menu (patrones y antipatrones)
https://www.canva.com/design/DAE_sYYG9Ww/7Z0UyPuLTUEaVqbXSRUnYg/view?utm_content=DAE_sYYG9Ww&utm_campaign=designshare&utm_medium=link&utm_source=homepage_design_menu (patrones y antipatrones)","https://www.notion.so/b14875237f534d3b9ce76c43b7f4c2c9
https://www.canva.com/design/DAE8Zf4n_eg/-vNpbIcPE_N_zbXUibG3Cw/view?utm_content=DAE8Zf4n_eg&utm_campaign=designshare&utm_medium=link&utm_source=homepage_design_menu (patrones y antipatrones)
https://www.canva.com/design/DAE9DIu5_Ag/jYeVJA4duQOBcNNKjZqkKA/view?utm_content=DAE9DIu5_Ag&utm_campaign=designshare&utm_medium=link&utm_source=homepage_design_menu (patrones y antipatrones)
https://www.canva.com/design/DAE-XNBLvfM/c3FpNbBXTfd-ZiGK1eDoFg/view?utm_content=DAE-XNBLvfM&utm_campaign=designshare&utm_medium=link&utm_source=homepage_design_menu (patrones y antipatrones)
https://www.canva.com/design/DAE_Ba3sKmM/nn3gywCxFwQEp4Lmp1zmsg/view?utm_content=DAE_Ba3sKmM&utm_campaign=designshare&utm_medium=link&utm_source=homepage_design_menu (patrones y antipatrones)
https://www.canva.com/design/DAE_sYYG9Ww/7Z0UyPuLTUEaVqbXSRUnYg/view?utm_content=DAE_sYYG9Ww&utm_campaign=designshare&utm_medium=link&utm_source=homepage_design_menu (patrones y antipatrones)","https://docs.google.com/presentation/d/1d2O6vqi2FH4SJMVctgU3CqPeP9tjUFDp/edit#slide=id.gf3ed47f36d_0_0
https://www.canva.com/design/DAE8Zf4n_eg/-vNpbIcPE_N_zbXUibG3Cw/view?utm_content=DAE8Zf4n_eg&utm_campaign=designshare&utm_medium=link&utm_source=homepage_design_menu (patrones y antipatrones)
https://www.canva.com/design/DAE9DIu5_Ag/jYeVJA4duQOBcNNKjZqkKA/view?utm_content=DAE9DIu5_Ag&utm_campaign=designshare&utm_medium=link&utm_source=homepage_design_menu (patrones y antipatrones)
https://www.canva.com/design/DAE-XNBLvfM/c3FpNbBXTfd-ZiGK1eDoFg/view?utm_content=DAE-XNBLvfM&utm_campaign=designshare&utm_medium=link&utm_source=homepage_design_menu (patrones y antipatrones)
https://www.canva.com/design/DAE_Ba3sKmM/nn3gywCxFwQEp4Lmp1zmsg/view?utm_content=DAE_Ba3sKmM&utm_campaign=designshare&utm_medium=link&utm_source=homepage_design_menu (patrones y antipatrones)
https://www.canva.com/design/DAE_sYYG9Ww/7Z0UyPuLTUEaVqbXSRUnYg/view?utm_content=DAE_sYYG9Ww&utm_campaign=designshare&utm_medium=link&utm_source=homepage_design_menu (patrones y antipatrones)","https://www.figma.com/file/N3XHhUKE7geYW39GpCgSQn/Retrospective-05.04.2022?node-id=0%3A1
https://www.canva.com/design/DAE8Zf4n_eg/-vNpbIcPE_N_zbXUibG3Cw/view?utm_content=DAE8Zf4n_eg&utm_campaign=designshare&utm_medium=link&utm_source=homepage_design_menu (patrones y antipatrones)
https://www.canva.com/design/DAE9DIu5_Ag/jYeVJA4duQOBcNNKjZqkKA/view?utm_content=DAE9DIu5_Ag&utm_campaign=designshare&utm_medium=link&utm_source=homepage_design_menu (patrones y antipatrones)
https://www.canva.com/design/DAE-XNBLvfM/c3FpNbBXTfd-ZiGK1eDoFg/view?utm_content=DAE-XNBLvfM&utm_campaign=designshare&utm_medium=link&utm_source=homepage_design_menu (patrones y antipatrones)
https://www.canva.com/design/DAE_Ba3sKmM/nn3gywCxFwQEp4Lmp1zmsg/view?utm_content=DAE_Ba3sKmM&utm_campaign=designshare&utm_medium=link&utm_source=homepage_design_menu (patrones y antipatrones)
https://www.canva.com/design/DAE_sYYG9Ww/7Z0UyPuLTUEaVqbXSRUnYg/view?utm_content=DAE_sYYG9Ww&utm_campaign=designshare&utm_medium=link&utm_source=homepage_design_menu (patrones y antipatrones)",No
PMC,2.1,"https://www.notion.so/9e356c5b62be47cb8cb563696a8e04da 
- Reportes de estado
https://www.notion.so/e9549f04511143c5b3735cd790aa02f9 
https://www.notion.so/349b15b299e846beb45066c69dddea68 
https://www.notion.so/a17640175ab84a00b893729ff62c499a ",Analizar los riesgos,"https://docs.google.com/spreadsheets/d/1wwAeUnP5OGNxX5tJfOnuVc6ZHfhk8GxhK3ndpjoG3t0/edit#gid=1656331401
https://www.figma.com/file/lPbWQG0M3SKtnJh2IjaDun/Plantilla-retrospective-(Copy)-(Copy)?node-id=1028%3A85
https://www.canva.com/design/DAE8Zf4n_eg/-vNpbIcPE_N_zbXUibG3Cw/view?utm_content=DAE8Zf4n_eg&utm_campaign=designshare&utm_medium=link&utm_source=homepage_design_menu 
https://www.canva.com/design/DAE9DIu5_Ag/jYeVJA4duQOBcNNKjZqkKA/view?utm_content=DAE9DIu5_Ag&utm_campaign=designshare&utm_medium=link&utm_source=homepage_design_menu 
https://www.canva.com/design/DAE-XNBLvfM/c3FpNbBXTfd-ZiGK1eDoFg/view?utm_content=DAE-XNBLvfM&utm_campaign=designshare&utm_medium=link&utm_source=homepage_design_menu 
https://www.canva.com/design/DAE_Ba3sKmM/nn3gywCxFwQEp4Lmp1zmsg/view?utm_content=DAE_Ba3sKmM&utm_campaign=designshare&utm_medium=link&utm_source=homepage_design_menu 
https://www.canva.com/design/DAE_sYYG9Ww/7Z0UyPuLTUEaVqbXSRUnYg/view?utm_content=DAE_sYYG9Ww&utm_campaign=designshare&utm_medium=link&utm_source=homepage_design_menu ","https://www.notion.so/06295d50d5b44ad0bbd3db5e7803386f 
https://www.notion.so/b14875237f534d3b9ce76c43b7f4c2c9 
https://www.canva.com/design/DAE8Zf4n_eg/-vNpbIcPE_N_zbXUibG3Cw/view?utm_content=DAE8Zf4n_eg&utm_campaign=designshare&utm_medium=link&utm_source=homepage_design_menu
https://www.canva.com/design/DAE9DIu5_Ag/jYeVJA4duQOBcNNKjZqkKA/view?utm_content=DAE9DIu5_Ag&utm_campaign=designshare&utm_medium=link&utm_source=homepage_design_menu
https://www.canva.com/design/DAE-XNBLvfM/c3FpNbBXTfd-ZiGK1eDoFg/view?utm_content=DAE-XNBLvfM&utm_campaign=designshare&utm_medium=link&utm_source=homepage_design_menu
https://www.canva.com/design/DAE_Ba3sKmM/nn3gywCxFwQEp4Lmp1zmsg/view?utm_content=DAE_Ba3sKmM&utm_campaign=designshare&utm_medium=link&utm_source=homepage_design_menu
https://www.canva.com/design/DAE_sYYG9Ww/7Z0UyPuLTUEaVqbXSRUnYg/view?utm_content=DAE_sYYG9Ww&utm_campaign=designshare&utm_medium=link&utm_source=homepage_design_menu","https://docs.google.com/presentation/d/1d2O6vqi2FH4SJMVctgU3CqPeP9tjUFDp/edit#slide=id.gf3ed47f36d_0_0
https://docs.google.com/spreadsheets/u/2/d/1w-JjZQIob-X-LAZHQsREY2kjbVE94wVHMLd9QaDCT88/edit?usp=sharing
https://www.canva.com/design/DAE8Zf4n_eg/-vNpbIcPE_N_zbXUibG3Cw/view?utm_content=DAE8Zf4n_eg&utm_campaign=designshare&utm_medium=link&utm_source=homepage_design_menu#2
https://www.canva.com/design/DAE9DIu5_Ag/jYeVJA4duQOBcNNKjZqkKA/view?utm_content=DAE9DIu5_Ag&utm_campaign=designshare&utm_medium=link&utm_source=homepage_design_menu               
https://www.canva.com/design/DAE-XNBLvfM/c3FpNbBXTfd-ZiGK1eDoFg/view?utm_content=DAE-XNBLvfM&utm_campaign=designshare&utm_medium=link&utm_source=homepage_design_menu                
https://www.canva.com/design/DAE_Ba3sKmM/nn3gywCxFwQEp4Lmp1zmsg/view?utm_content=DAE_Ba3sKmM&utm_campaign=designshare&utm_medium=link&utm_source=homepage_design_menu
https://www.canva.com/design/DAE_sYYG9Ww/7Z0UyPuLTUEaVqbXSRUnYg/view?utm_content=DAE_sYYG9Ww&utm_campaign=designshare&utm_medium=link&utm_source=homepage_design_menu","https://docs.google.com/spreadsheets/d/1PzTUtLSXY0PZ8IQI7yHRRp1WNh1RJXBEK6jNZeoHTGc/edit?usp=sharing
https://www.figma.com/file/N3XHhUKE7geYW39GpCgSQn/Retrospective-05.04.2022?node-id=0%3A1
https://www.canva.com/design/DAE8Zf4n_eg/-vNpbIcPE_N_zbXUibG3Cw/view?utm_content=DAE8Zf4n_eg&utm_campaign=designshare&utm_medium=link&utm_source=homepage_design_menu
https://www.canva.com/design/DAE9DIu5_Ag/jYeVJA4duQOBcNNKjZqkKA/view?utm_content=DAE9DIu5_Ag&utm_campaign=designshare&utm_medium=link&utm_source=homepage_design_menu
https://www.canva.com/design/DAE-XNBLvfM/c3FpNbBXTfd-ZiGK1eDoFg/view?utm_content=DAE-XNBLvfM&utm_campaign=designshare&utm_medium=link&utm_source=homepage_design_menu
https://www.canva.com/design/DAE_Ba3sKmM/nn3gywCxFwQEp4Lmp1zmsg/view?utm_content=DAE_Ba3sKmM&utm_campaign=designshare&utm_medium=link&utm_source=homepage_design_menu
https://www.canva.com/design/DAE_sYYG9Ww/7Z0UyPuLTUEaVqbXSRUnYg/view?utm_content=DAE_sYYG9Ww&utm_campaign=designshare&utm_medium=link&utm_source=homepage_design_menu
https://www.notion.so/349b15b299e846beb45066c69dddea68 ",No
PMC,2.2,"https://www.notion.so/349b15b299e846beb45066c69dddea68 
https://www.notion.so/a17640175ab84a00b893729ff62c499a 
- Minutas donde se informen a los stakeholders que se realizan acciones para arreglar los problemas
- Plan de trabajo que muestre las acciones a corregir",Realizar acciones correctivas,https://docs.google.com/spreadsheets/d/1wwAeUnP5OGNxX5tJfOnuVc6ZHfhk8GxhK3ndpjoG3t0/edit#gid=1656331401,"https://www.notion.so/06295d50d5b44ad0bbd3db5e7803386f ",https://docs.google.com/spreadsheets/d/1w-JjZQIob-X-LAZHQsREY2kjbVE94wVHMLd9QaDCT88/edit?usp=sharing,"https://docs.google.com/spreadsheets/d/1PzTUtLSXY0PZ8IQI7yHRRp1WNh1RJXBEK6jNZeoHTGc/edit?usp=sharing
https://www.notion.so/349b15b299e846beb45066c69dddea68 ",No
PMC,2.3,"https://www.notion.so/349b15b299e846beb45066c69dddea68 
https://www.notion.so/a17640175ab84a00b893729ff62c499a 
https://www.notion.so/a5949ddaac054f92bc72fbb179820242 ",Manejar errores y problemas,"https://docs.google.com/spreadsheets/d/1wwAeUnP5OGNxX5tJfOnuVc6ZHfhk8GxhK3ndpjoG3t0/edit#gid=1656331401
https://www.notion.so/a5949ddaac054f92bc72fbb179820242 ","https://www.notion.so/a5949ddaac054f92bc72fbb179820242 
https://www.notion.so/06295d50d5b44ad0bbd3db5e7803386f ",https://docs.google.com/spreadsheets/d/1w-JjZQIob-X-LAZHQsREY2kjbVE94wVHMLd9QaDCT88/edit?usp=sharing,"https://www.notion.so/a5949ddaac054f92bc72fbb179820242 
https://docs.google.com/spreadsheets/d/1PzTUtLSXY0PZ8IQI7yHRRp1WNh1RJXBEK6jNZeoHTGc/edit?usp=sharing
https://www.notion.so/349b15b299e846beb45066c69dddea68 ",No
RKM,1.1,,Determinar las fuentes y las categorías de los riesgos,https://docs.google.com/spreadsheets/d/1wwAeUnP5OGNxX5tJfOnuVc6ZHfhk8GxhK3ndpjoG3t0/edit?usp=sharing,"https://www.notion.so/06295d50d5b44ad0bbd3db5e7803386f ",https://docs.google.com/spreadsheets/d/1w-JjZQIob-X-LAZHQsREY2kjbVE94wVHMLd9QaDCT88/edit?usp=sharing,https://docs.google.com/spreadsheets/d/1PzTUtLSXY0PZ8IQI7yHRRp1WNh1RJXBEK6jNZeoHTGc/edit?usp=sharing,No
RKM,1.2,,Definir los parámetros de riesgos,https://docs.google.com/spreadsheets/d/1wwAeUnP5OGNxX5tJfOnuVc6ZHfhk8GxhK3ndpjoG3t0/edit?usp=sharing,"https://www.notion.so/06295d50d5b44ad0bbd3db5e7803386f ",https://docs.google.com/spreadsheets/d/1w-JjZQIob-X-LAZHQsREY2kjbVE94wVHMLd9QaDCT88/edit?usp=sharing,https://docs.google.com/spreadsheets/d/1PzTUtLSXY0PZ8IQI7yHRRp1WNh1RJXBEK6jNZeoHTGc/edit?usp=sharing,No
RKM,1.3,,Establecer una estrategia de gestión de riesgos,https://docs.google.com/spreadsheets/d/1wwAeUnP5OGNxX5tJfOnuVc6ZHfhk8GxhK3ndpjoG3t0/edit?usp=sharing,"https://www.notion.so/06295d50d5b44ad0bbd3db5e7803386f ",https://docs.google.com/spreadsheets/d/1w-JjZQIob-X-LAZHQsREY2kjbVE94wVHMLd9QaDCT88/edit?usp=sharing,https://docs.google.com/spreadsheets/d/1PzTUtLSXY0PZ8IQI7yHRRp1WNh1RJXBEK6jNZeoHTGc/edit?usp=sharing,No
RKM,2.1,,Identificar y documentar los riesgos,https://docs.google.com/spreadsheets/d/1wwAeUnP5OGNxX5tJfOnuVc6ZHfhk8GxhK3ndpjoG3t0/edit?usp=sharing,"https://www.notion.so/06295d50d5b44ad0bbd3db5e7803386f ",https://docs.google.com/spreadsheets/d/1w-JjZQIob-X-LAZHQsREY2kjbVE94wVHMLd9QaDCT88/edit?usp=sharing,https://docs.google.com/spreadsheets/d/1PzTUtLSXY0PZ8IQI7yHRRp1WNh1RJXBEK6jNZeoHTGc/edit?usp=sharing,No
RKM,2.2,,"Evaluar, clasificar y priorizar los riesgos",https://docs.google.com/spreadsheets/d/1wwAeUnP5OGNxX5tJfOnuVc6ZHfhk8GxhK3ndpjoG3t0/edit?usp=sharing,"https://www.notion.so/06295d50d5b44ad0bbd3db5e7803386f ",https://docs.google.com/spreadsheets/d/1w-JjZQIob-X-LAZHQsREY2kjbVE94wVHMLd9QaDCT88/edit?usp=sharing,https://docs.google.com/spreadsheets/d/1PzTUtLSXY0PZ8IQI7yHRRp1WNh1RJXBEK6jNZeoHTGc/edit?usp=sharing,No
RKM,3.1,,Desarrollar los planes de mitigación de riesgos,https://docs.google.com/spreadsheets/d/1wwAeUnP5OGNxX5tJfOnuVc6ZHfhk8GxhK3ndpjoG3t0/edit?usp=sharing,"https://www.notion.so/06295d50d5b44ad0bbd3db5e7803386f ",https://docs.google.com/spreadsheets/d/1w-JjZQIob-X-LAZHQsREY2kjbVE94wVHMLd9QaDCT88/edit?usp=sharing,https://docs.google.com/spreadsheets/d/1PzTUtLSXY0PZ8IQI7yHRRp1WNh1RJXBEK6jNZeoHTGc/edit?usp=sharing,No
RKM,3.2,,Implementar los planes de mitigación de riesgos,https://docs.google.com/spreadsheets/d/1wwAeUnP5OGNxX5tJfOnuVc6ZHfhk8GxhK3ndpjoG3t0/edit?usp=sharing,"https://www.notion.so/06295d50d5b44ad0bbd3db5e7803386f ",https://docs.google.com/spreadsheets/d/1w-JjZQIob-X-LAZHQsREY2kjbVE94wVHMLd9QaDCT88/edit?usp=sharing,https://docs.google.com/spreadsheets/d/1PzTUtLSXY0PZ8IQI7yHRRp1WNh1RJXBEK6jNZeoHTGc/edit?usp=sharing,No
OPD,1.1,Procesos y mejora de procesos,Establecer y mantener los procesos departamentales,"https://www.notion.so/bc1b4b9263a749d49f2c809adfd71359 
https://www.notion.so/1a25461e941841df846d768975596bc0 ","https://www.notion.so/bc1b4b9263a749d49f2c809adfd71359 
https://www.notion.so/1a25461e941841df846d768975596bc0 ","https://www.notion.so/bc1b4b9263a749d49f2c809adfd71359 
https://www.notion.so/1a25461e941841df846d768975596bc0 ","https://www.notion.so/bc1b4b9263a749d49f2c809adfd71359 
https://www.notion.so/1a25461e941841df846d768975596bc0 ",No
OPD,1.2,Plan de desarrollo,"Establecer y mantener descripciones de los modelos de ciclo de vida ",https://docs.google.com/document/d/1WffQK9GLzX2kL0MUVcXMbCiW4hOo_Gay0Mx5KcPrhso/edit,https://docs.google.com/document/d/1hI6IjDQnsjUziMOPbc_yGZKwWKDivH1S3ml35-4tBW4/edit,https://docs.google.com/document/d/1ZGzEpb0GIHBni0H7QcSaKb9IOIvvAlTyOiKPPC843VU/edit,No aplica,Yes
OPD,1.4,Repositorio de métricas,Establecer y mantener el repositorio de métricas departamental,"https://www.notion.so/a5949ddaac054f92bc72fbb179820242 ","https://www.notion.so/a5949ddaac054f92bc72fbb179820242 ","https://www.notion.so/a5949ddaac054f92bc72fbb179820242 ","https://www.notion.so/a5949ddaac054f92bc72fbb179820242 ",No
OPD,1.5,"Criterios para agregar nuevos procesos (guías, plantillas) ",Establecer y mantener la librería de procesos departamentales,"https://www.notion.so/5213d4ff6e93472fa1f37d3651463782 
","https://www.notion.so/5213d4ff6e93472fa1f37d3651463782 
","https://www.notion.so/5213d4ff6e93472fa1f37d3651463782 
","https://www.notion.so/5213d4ff6e93472fa1f37d3651463782 
",No
OPD,1.6,Políticas departamentales,Establecer y mantener estándares para el ambiente de trabajo,"https://www.notion.so/da327da7bf5e43b3b33bad990aa47329 ","https://www.notion.so/c5ab414b7bae448cbccf625606770b87 ","https://www.notion.so/e35644bf50104f949b1ac75484cdf402 ","https://www.notion.so/d2cd71f3c48c456e9a38a16b2508b6b9 
Políticas de los equipos",No
IPM,1.1,,Establecer el proceso definido del proyecto,,,,,No
IPM,1.2,,"Utilizar los activos de proceso de la organización para planificar las
actividades del proyecto",,,,,No
IPM,1.3,,Establecer el entorno de trabajo del proyecto,,,,,No
IPM,1.4,,Integrar los planes,,,,,No
IPM,1.5,,Gestionar el proyecto utilizando planes integrados,,,,,No
IPM,1.6,,Establecer los equipos,,,,,No
IPM,1.7,,Contribuir a los activos de proceso de la organización,,,,,No